filename,width,height,ratio,size_kb
m6-fc-01-宾馆.webp,1200,1200,1.0,162.5
m6-fc-02-地铁.webp,1200,1200,1.0,179.1
m6-fc-03-公园.webp,1200,1200,1.0,450.0
m6-fc-04-办公室.webp,1200,1200,1.0,108.4
m6-fc-05-饺子.webp,1200,1200,1.0,125.2
m6-fc-06-汤.webp,1200,1200,1.0,180.5
m6-fc-07-葡萄.webp,1200,1200,1.0,141.2
m6-fc-08-苦.webp,1200,1200,1.0,137.8
m6-fc-09-糖-盐.webp,1200,1200,1.0,173.9
m6-fc-10-冷静.webp,1200,1200,1.0,130.4
m6-fc-11-吃惊.webp,1200,1200,1.0,128.0
m6-fc-12-感动.webp,1200,1200,1.0,151.0
m6-fc-13-坚持.webp,1200,1200,1.0,164.9
m6-fc-14-勇敢.webp,1200,1200,1.0,226.4
m6-fc-15-微信.webp,1200,1200,1.0,187.2
m6-fc-16-互联网.webp,1200,1200,1.0,101.4
m6-fc-17-联系.webp,1200,1200,1.0,136.4
m6-fc-18-推迟.webp,1200,1200,1.0,142.9
m6-fc-19-行李.webp,1200,1200,1.0,57.4
m6-fc-20-终于.webp,1200,1200,1.0,139.1
m6-fc-21-商量.webp,1200,1200,1.0,146.7
m6-fc-22-健康.webp,1586,992,1.599,160.6
m6-fc-23-医院.webp,1586,992,1.599,167.7
m6-fc-24-面试.webp,1200,1200,1.0,106.6
m6-fc-25-成功.webp,1200,1200,1.0,105.8
m6-fc-26-留学.webp,1200,1200,1.0,146.9
m6-fc-27-签证.webp,1200,1200,1.0,128.8
m6-fc-28-堵车.webp,1200,1200,1.0,181.5
m6-fc-29-毕业.webp,1200,1200,1.0,102.4
m6-fc-30-知识.webp,1586,992,1.599,202.0
m6-fc-31-考试.webp,1200,1200,1.0,119.5
m6-fc-32-了解.webp,1200,1200,1.0,126.8
m6-fc-33-礼物.webp,1200,1200,1.0,139.8
m6-fc-34-家人.webp,1200,1200,1.0,139.1
m6-fc-35-鼓励.webp,1200,1200,1.0,112.4
m6-fc-36-尊重.webp,1200,1200,1.0,151.5
m6-fc-37-已经.webp,1586,992,1.599,145.9
m6-fc-38-本来.webp,1586,992,1.599,171.6
m6-fc-39-护士.webp,1200,1200,1.0,59.5
m6-fc-40-水果.webp,1586,992,1.599,311.9
m6-fc-41-一直.webp,1586,992,1.599,184.0
m6-fc-42-流行.webp,1586,992,1.599,223.5
m6-fc-43-浪费.webp,1586,992,1.599,161.0
m6-fc-44-性格.webp,1586,992,1.599,162.6
m6-fc-45-减肥.webp,1200,1200,1.0,106.1
m6-fc-46-节约.webp,1536,1024,1.5,227.3
m6-fc-47-环境污染.webp,1200,1200,1.0,172.6
m6-fc-48-经济.webp,1536,1024,1.5,410.4
m6-fc-49-信心.webp,1536,1024,1.5,131.9
m6-fc-50-应聘者.webp,1200,1200,1.0,106.6
m6-fc-51-法律.webp,1536,1024,1.5,207.6
m6-fc-52-危险.webp,1536,1024,1.5,270.2
m6-fc-53-批评.webp,1536,1024,1.5,199.1
m6-fc-54-压力.webp,1200,1200,1.0,145.8
m6-wr-096-座位.webp,1536,1024,1.5,225.0
m6-wr-097-印象.webp,1536,1024,1.5,148.0
m6-wr-098-商量.webp,1200,1200,1.0,146.7
m6-wr-099-挂.webp,1536,1024,1.5,134.0
m6-wr-100-苦.webp,1200,1200,1.0,137.8
m9-fc-01-打针.webp,1200,1200,1.0,91.1
m9-fc-02-演出.webp,1200,1200,1.0,101.5
m9-fc-03-行李箱.webp,1200,1200,1.0,57.4
m9-fc-04-葡萄.webp,1200,1200,1.0,141.2
m9-fc-05-沙发.webp,1200,1200,1.0,118.8
m9-fc-06-镜子.webp,1200,1200,1.0,59.2
m9-fc-07-护士.webp,1200,1200,1.0,59.5
m9-fc-08-包子.webp,1200,1200,1.0,85.3
m9-fc-09-购物车.webp,1200,1200,1.0,128.4
m9-fc-10-飞机.webp,1200,1200,1.0,53.0
m9-fc-11-翻译.webp,1200,1200,1.0,90.8
m9-fc-12-减肥.webp,1200,1200,1.0,106.1
m9-fc-13-调查.webp,1200,1200,1.0,115.1
m9-fc-14-窗户.webp,1200,1200,1.0,111.9
m9-fc-15-奖学金.webp,1200,1200,1.0,101.9
m9-fc-16-互联网.webp,1200,1200,1.0,101.4
m9-fc-17-博士.webp,1200,1200,1.0,102.4
m9-fc-18-感冒.webp,1200,1200,1.0,102.9
m9-fc-19-排队.webp,1536,1024,1.5,240.1
m9-fc-20-污染.webp,1200,1200,1.0,172.6
m9-fc-21-功夫.webp,1200,1200,1.0,192.9
m9-fc-22-地址.webp,1200,1200,1.0,227.8
m9-fc-23-环境.webp,1200,1200,1.0,397.4
m9-fc-24-愉快.webp,1200,1200,1.0,171.8
m9-fc-25-压力.webp,1200,1200,1.0,145.8
m9-fc-26-幽默.webp,1200,1200,1.0,119.5
m9-fc-27-紧张.webp,1200,1200,1.0,121.7
m9-fc-28-免费.webp,1586,992,1.599,176.7
m9-fc-29-乒乓球.webp,1200,1200,1.0,127.4
m9-fc-30-足球.webp,1200,1200,1.0,199.9
m9-fc-31-公共汽车.webp,1586,992,1.599,269.4
m9-fc-32-搬家.webp,1586,992,1.599,261.5
m9-fc-33-礼拜天.webp,1586,992,1.599,376.5
m9-fc-34-周日.webp,1586,992,1.599,278.0
m9-fc-35-邀请.webp,1586,992,1.599,196.3
m9-fc-36-提供.webp,1200,1200,1.0,127.5
m9-fc-37-吸引.webp,1586,992,1.599,210.6
m9-fc-38-应聘.webp,1200,1200,1.0,106.6
m9-fc-39-服务区.webp,1586,992,1.599,369.8
m9-fc-40-马虎.webp,1586,992,1.599,170.0
m9-fc-41-仔细.webp,1586,992,1.599,193.6
m9-fc-42-错误.webp,1122,1402,0.8,213.3
m9-fc-43-酸.webp,1122,1402,0.8,249.6
m9-fc-44-甜.webp,1122,1402,0.8,190.6
m9-fc-45-苦.webp,1200,1200,1.0,137.8
m9-fc-46-咖啡.webp,1122,1402,0.8,156.6
m9-fc-47-杂志.webp,1122,1402,0.8,217.5
m9-fc-48-爷爷.webp,1122,1402,0.8,224.8
m9-fc-49-孙子.webp,1448,1086,1.333,180.5
m9-fc-50-打印.webp,1448,1086,1.333,113.2
m9-fc-51-毕业.webp,1200,1200,1.0,102.4
m9-fc-52-报名.webp,1448,1086,1.333,168.6
m9-fc-53-规定.webp,1448,1086,1.333,180.0
m9-fc-54-解释.webp,1448,1086,1.333,159.4
